region,rubric,count,rank
Алтайский край,Ресторан,280,1.0
Алтайский край,Кафе,258,2.0
Алтайский край,Гостиница,211,3.0
Алтайский край,Магазин продуктов,95,4.0
Алтайский край,Супермаркет,93,5.0
Алтайский край,Быстрое питание,88,6.0
Алтайский край,"Бар, паб",82,7.0
Алтайский край,Салон красоты,76,8.0
Алтайский край,Доставка еды и обедов,68,9.0
Алтайский район,Ресторан,20,1.0
Алтайский район,Кафе,17,2.0
Алтайский район,"Бар, паб",12,3.0
Алтайский район,Гостиница,9,4.0
Алтайский район,Быстрое питание,7,5.0
Алтайский район,Спортбар,7,6.0
Алтайский район,Салон красоты,6,7.0
Алтайский район,Торговый центр,6,8.0
Алтайский район,"Автосервис, автотехцентр",5,9.0
Амурская область,Ресторан,71,1.0
Амурская область,Кафе,64,2.0
Амурская область,Гостиница,42,3.0
Амурская область,"Бар, паб",39,4.0
Амурская область,Супермаркет,28,5.0
Амурская область,Магазин продуктов,25,6.0
Амурская область,Доставка еды и обедов,21,7.0
Амурская область,Быстрое питание,20,8.0
Амурская область,Салон красоты,20,9.0
Архангельск,Ресторан,101,1.0
Архангельск,Кафе,100,2.0
Архангельск,Гостиница,63,3.0
Архангельск,"Бар, паб",36,4.0
Архангельск,Быстрое питание,26,5.0
Архангельск,Супермаркет,26,6.0
Архангельск,Кофейня,23,7.0
Архангельск,Салон красоты,23,8.0
Архангельск,Банкетный зал,21,9.0
Архангельская область,Кафе,63,1.0
Архангельская область,Ресторан,62,2.0
Архангельская область,Гостиница,47,3.0
Архангельская область,"Бар, паб",33,4.0
Архангельская область,Доставка еды и обедов,31,5.0
Архангельская область,Салон красоты,29,6.0
Архангельская область,Ногтевая студия,27,7.0
Архангельская область,Быстрое питание,26,8.0
Архангельская область,Магазин продуктов,25,9.0
Астраханская область,Кафе,44,1.0
Астраханская область,Ресторан,35,2.0
Астраханская область,Гостиница,28,3.0
Астраханская область,Магазин продуктов,22,4.0
Астраханская область,"Бар, паб",19,5.0
Астраханская область,Супермаркет,15,6.0
Астраханская область,"Автосервис, автотехцентр",12,7.0
Астраханская область,Быстрое питание,12,8.0
Астраханская область,Доставка еды и обедов,10,9.0
Астрахань,Кафе,142,1.0
Астрахань,Ресторан,121,2.0
Астрахань,Гостиница,108,3.0
Астрахань,Супермаркет,46,4.0
Астрахань,Магазин продуктов,44,5.0
Астрахань,"Бар, паб",43,6.0
Астрахань,Салон красоты,37,7.0
Астрахань,Быстрое питание,32,8.0
Астрахань,Парк культуры и отдыха,30,9.0
Барнаул,Кафе,4,1.0
Барнаул,Ресторан,3,2.0
Барнаул,"Бар, паб",2,3.0
Барнаул,Магазин продуктов,2,4.0
Барнаул,Банкетный зал,1,5.0
Барнаул,Быстрое питание,1,6.0
Барнаул,Кофейня,1,7.0
Барнаул,Музей,1,8.0
Барнаул,Ногтевая студия,1,9.0
Белгород,Ресторан,164,1.0
Белгород,Кафе,148,2.0
Белгород,Гостиница,105,3.0
Белгород,Магазин продуктов,71,4.0
Белгород,"Бар, паб",60,5.0
Белгород,Супермаркет,52,6.0
Белгород,Быстрое питание,50,7.0
Белгород,Доставка еды и обедов,48,8.0
Белгород,Салон красоты,46,9.0
Белгородская область,Ресторан,101,1.0
Белгородская область,Кафе,98,2.0
Белгородская область,Гостиница,63,3.0
Белгородская область,"Бар, паб",49,4.0
Белгородская область,Салон красоты,40,5.0
Белгородская область,Магазин продуктов,34,6.0
Белгородская область,Супермаркет,33,7.0
Белгородская область,Кофейня,30,8.0
Белгородская область,Ногтевая студия,27,9.0
Белгородский район,Ресторан,27,1.0
Белгородский район,Гостиница,22,2.0
Белгородский район,Кафе,19,3.0
Белгородский район,Быстрое питание,8,4.0
Белгородский район,Пиццерия,8,5.0
Белгородский район,Магазин продуктов,7,6.0
Белгородский район,Суши-бар,7,7.0
Белгородский район,"База, дом отдыха",6,8.0
Белгородский район,Достопримечательность,6,9.0
Брянск,Кафе,143,1.0
Брянск,Ресторан,135,2.0
Брянск,Гостиница,125,3.0
Брянск,Магазин продуктов,55,4.0
Брянск,Салон красоты,52,5.0
Брянск,Супермаркет,52,6.0
Брянск,Быстрое питание,46,7.0
Брянск,"Бар, паб",42,8.0
Брянск,Ногтевая студия,37,9.0
Брянская область,Кафе,43,1.0
Брянская область,Ресторан,34,2.0
Брянская область,Гостиница,27,3.0
Брянская область,"Бар, паб",17,4.0
Брянская область,Развлекательный центр,15,5.0
Брянская область,Магазин продуктов,11,6.0
Брянская область,Салон красоты,11,7.0
Брянская область,Супермаркет,11,8.0
Брянская область,Торговый центр,10,9.0
Брянский район,Гостиница,15,1.0
Брянский район,Кафе,12,2.0
Брянский район,Ресторан,12,3.0
Брянский район,"Бар, паб",10,4.0
Брянский район,Банкетный зал,7,5.0
Брянский район,Парикмахерская,6,6.0
Брянский район,Супермаркет,6,7.0
Брянский район,"Автосервис, автотехцентр",5,8.0
Брянский район,Магазин продуктов,4,9.0
Великий Новгород,Гостиница,171,1.0
Великий Новгород,Ресторан,171,2.0
Великий Новгород,Кафе,155,3.0
Великий Новгород,"Бар, паб",59,4.0
Великий Новгород,Музей,59,5.0
Великий Новгород,Салон красоты,57,6.0
Великий Новгород,Магазин продуктов,54,7.0
Великий Новгород,Супермаркет,50,8.0
Великий Новгород,Быстрое питание,44,9.0
Владивосток,Салон красоты,3,1.0
Владивосток,"Бар, паб",2,2.0
Владивосток,Гостиница,2,3.0
Владивосток,Косметология,2,4.0
Владивосток,Ногтевая студия,2,5.0
Владивосток,Ресторан,2,6.0
Владивосток,Салон бровей и ресниц,2,7.0
Владивосток,АЗС,1,8.0
Владивосток,"Автотранспортное предприятие, автобаза",1,9.0
Владимир,Кафе,239,1.0
Владимир,Ресторан,223,2.0
Владимир,Гостиница,185,3.0
Владимир,Супермаркет,101,4.0
Владимир,Салон красоты,92,5.0
Владимир,Магазин продуктов,91,6.0
Владимир,"Бар, паб",85,7.0
Владимир,Быстрое питание,62,8.0
Владимир,Ногтевая студия,46,9.0
Владимирская область,Кафе,345,1.0
Владимирская область,Ресторан,340,2.0
Владимирская область,Гостиница,196,3.0
Владимирская область,Супермаркет,123,4.0
Владимирская область,Магазин продуктов,113,5.0
Владимирская область,Быстрое питание,103,6.0
Владимирская область,Доставка еды и обедов,99,7.0
Владимирская область,"Бар, паб",94,8.0
Владимирская область,Салон красоты,87,9.0
Волгоград,Кафе,482,1.0
Волгоград,Ресторан,475,2.0
Волгоград,Гостиница,323,3.0
Волгоград,"Бар, паб",173,4.0
Волгоград,Магазин продуктов,168,5.0
Волгоград,Быстрое питание,154,6.0
Волгоград,Супермаркет,143,7.0
Волгоград,Салон красоты,120,8.0
Волгоград,Доставка еды и обедов,105,9.0
Волгоградская область,Ресторан,213,1.0
Волгоградская область,Кафе,196,2.0
Волгоградская область,Гостиница,154,3.0
Волгоградская область,Магазин продуктов,73,4.0
Волгоградская область,Супермаркет,69,5.0
Волгоградская область,Салон красоты,64,6.0
Волгоградская область,Быстрое питание,58,7.0
Волгоградская область,Доставка еды и обедов,51,8.0
Волгоградская область,"Бар, паб",48,9.0
Вологда,Ресторан,141,1.0
Вологда,Гостиница,117,2.0
Вологда,Кафе,111,3.0
Вологда,"Бар, паб",58,4.0
Вологда,Магазин продуктов,48,5.0
Вологда,Салон красоты,48,6.0
Вологда,Ногтевая студия,42,7.0
Вологда,Супермаркет,42,8.0
Вологда,Торговый центр,36,9.0
Вологодская область,Кафе,123,1.0
Вологодская область,Ресторан,121,2.0
Вологодская область,Гостиница,96,3.0
Вологодская область,Супермаркет,54,4.0
Вологодская область,"Бар, паб",43,5.0
Вологодская область,Доставка еды и обедов,43,6.0
Вологодская область,Салон красоты,40,7.0
Вологодская область,Магазин продуктов,39,8.0
Вологодская область,Пиццерия,35,9.0
Вологодский муниципальный округ,Кафе,8,1.0
Вологодский муниципальный округ,Салон красоты,6,2.0
Вологодский муниципальный округ,Гостиница,5,3.0
Вологодский муниципальный округ,Ресторан,5,4.0
Вологодский муниципальный округ,"Бар, паб",4,5.0
Вологодский муниципальный округ,Музей,4,6.0
Вологодский муниципальный округ,Ногтевая студия,4,7.0
Вологодский муниципальный округ,Подология,4,8.0
Вологодский муниципальный округ,Агентство недвижимости,3,9.0
Вологодский район,Ресторан,10,1.0
Вологодский район,Кафе,8,2.0
Вологодский район,Магазин рыбы и морепродуктов,4,3.0
Вологодский район,"Спортивный, тренажёрный зал",3,4.0
Вологодский район,Фитнес-клуб,2,5.0
Вологодский район,"Шторы, карнизы",2,6.0
Вологодский район,"Ёмкостное оборудование, резервуары",1,7.0
Вологодский район,"Автосервис, автотехцентр",1,8.0
Вологодский район,Банкетный зал,1,9.0
Воронеж,Ресторан,634,1.0
Воронеж,Кафе,609,2.0
Воронеж,Гостиница,528,3.0
Воронеж,"Бар, паб",237,4.0
Воронеж,Магазин продуктов,231,5.0
Воронеж,Супермаркет,204,6.0
Воронеж,Быстрое питание,191,7.0
Воронеж,Салон красоты,181,8.0
Воронеж,"Автосервис, автотехцентр",144,9.0
Воронежская обл.,Быстрое питание,2,1.0
Воронежская обл.,Доставка еды и обедов,2,2.0
Воронежская обл.,Жилой комплекс,2,3.0
Воронежская обл.,Кафе,2,4.0
Воронежская обл.,"База, дом отдыха",1,5.0
Воронежская обл.,Банкетный зал,1,6.0
Воронежская обл.,"Бар, паб",1,7.0
Воронежская обл.,Вейп-шоп,1,8.0
Воронежская обл.,Гостиница,1,9.0
Воронежская область,Кафе,238,1.0
Воронежская область,Ресторан,188,2.0
Воронежская область,Гостиница,154,3.0
Воронежская область,Магазин продуктов,82,4.0
Воронежская область,Супермаркет,69,5.0
Воронежская область,Быстрое питание,68,6.0
Воронежская область,Салон красоты,60,7.0
Воронежская область,"Бар, паб",53,8.0
Воронежская область,Доставка еды и обедов,47,9.0
Еврейская автономная область,Ресторан,15,1.0
Еврейская автономная область,Кафе,14,2.0
Еврейская автономная область,Гостиница,12,3.0
Еврейская автономная область,Супермаркет,8,4.0
Еврейская автономная область,Магазин продуктов,6,5.0
Еврейская автономная область,Достопримечательность,5,6.0
Еврейская автономная область,Пекарня,5,7.0
Еврейская автономная область,Быстрое питание,4,8.0
Еврейская автономная область,Косметология,4,9.0
Екатеринбург,Ресторан,22,1.0
Екатеринбург,Кафе,15,2.0
Екатеринбург,Доставка еды и обедов,12,3.0
Екатеринбург,"Бар, паб",10,4.0
Екатеринбург,Гостиница,7,5.0
Екатеринбург,Быстрое питание,5,6.0
Екатеринбург,Достопримечательность,4,7.0
Екатеринбург,Игровая комната,4,8.0
Екатеринбург,Магазин мебели,4,9.0
Забайкальский край,Кафе,78,1.0
Забайкальский край,Ресторан,70,2.0
Забайкальский край,Гостиница,41,3.0
Забайкальский край,Магазин продуктов,33,4.0
Забайкальский край,Супермаркет,25,5.0
Забайкальский край,Быстрое питание,23,6.0
Забайкальский край,"Бар, паб",22,7.0
Забайкальский край,Салон красоты,21,8.0
Забайкальский край,Музей,16,9.0
Иваново,Ресторан,166,1.0
Иваново,Кафе,162,2.0
Иваново,Гостиница,147,3.0
Иваново,Магазин продуктов,69,4.0
Иваново,Салон красоты,61,5.0
Иваново,Супермаркет,59,6.0
Иваново,Кофейня,52,7.0
Иваново,Быстрое питание,49,8.0
Иваново,"Бар, паб",48,9.0
Ивановская область,Ресторан,74,1.0
Ивановская область,Кафе,63,2.0
Ивановская область,Гостиница,59,3.0
Ивановская область,"Бар, паб",36,4.0
Ивановская область,Быстрое питание,31,5.0
Ивановская область,Магазин продуктов,31,6.0
Ивановская область,Салон красоты,27,7.0
Ивановская область,Супермаркет,26,8.0
Ивановская область,Ногтевая студия,21,9.0
Ивановский район,Гостиница,15,1.0
Ивановский район,Кафе,7,2.0
Ивановский район,Доставка еды и обедов,6,3.0
Ивановский район,Ресторан,5,4.0
Ивановский район,Аттракцион,3,5.0
Ивановский район,"Визажисты, стилисты",3,6.0
Ивановский район,Ногтевая студия,3,7.0
Ивановский район,Парк аттракционов,3,8.0
Ивановский район,Пиццерия,3,9.0
Ижевск,Гостиница,5,1.0
Ижевск,Аптека,3,2.0
Ижевск,Магазин продуктов,3,3.0
Ижевск,Детская площадка,2,4.0
Ижевск,Доставка еды и обедов,2,5.0
Ижевск,Ресторан,2,6.0
Ижевск,Столовая,2,7.0
Ижевск,Автомойка,1,8.0
Ижевск,"База, дом отдыха",1,9.0
Иркутск,Кафе,231,1.0
Иркутск,Ресторан,215,2.0
Иркутск,Гостиница,193,3.0
Иркутск,Супермаркет,81,4.0
Иркутск,Магазин продуктов,73,5.0
Иркутск,Салон красоты,73,6.0
Иркутск,"Бар, паб",63,7.0
Иркутск,Быстрое питание,56,8.0
Иркутск,"Автосервис, автотехцентр",45,9.0
Иркутская обл.,Кафе,2,1.0
Иркутская обл.,Агентство недвижимости,1,2.0
Иркутская обл.,Гостиница,1,3.0
Иркутская обл.,Заказ автомобилей,1,4.0
Иркутская обл.,Кондитерская,1,5.0
Иркутская обл.,Кофейня,1,6.0
Иркутская обл.,Прокат автомобилей,1,7.0
Иркутская обл.,Ремонт велосипедов,1,8.0
Иркутская область,Кафе,144,1.0
Иркутская область,Ресторан,138,2.0
Иркутская область,Гостиница,106,3.0
Иркутская область,"Бар, паб",52,4.0
Иркутская область,Салон красоты,43,5.0
Иркутская область,Магазин продуктов,39,6.0
Иркутская область,Супермаркет,37,7.0
Иркутская область,Быстрое питание,34,8.0
Иркутская область,Кофейня,34,9.0
Иркутский район,Гостиница,30,1.0
Иркутский район,Ресторан,24,2.0
Иркутский район,Кафе,12,3.0
Иркутский район,Салон красоты,12,4.0
Иркутский район,Доставка еды и обедов,10,5.0
Иркутский район,Магазин продуктов,10,6.0
Иркутский район,Супермаркет,9,7.0
Иркутский район,Быстрое питание,8,8.0
Иркутский район,Гипермаркет,8,9.0
Кабардино-Балкарская Республика,Кафе,161,1.0
Кабардино-Балкарская Республика,Ресторан,161,2.0
Кабардино-Балкарская Республика,Гостиница,107,3.0
Кабардино-Балкарская Республика,Магазин продуктов,61,4.0
Кабардино-Балкарская Республика,Быстрое питание,53,5.0
Кабардино-Балкарская Республика,Супермаркет,51,6.0
Кабардино-Балкарская Республика,Доставка еды и обедов,38,7.0
Кабардино-Балкарская Республика,"Бар, паб",37,8.0
Кабардино-Балкарская Республика,Ногтевая студия,34,9.0
Казань,Кондитерская,6,1.0
Казань,Ресторан,6,2.0
Казань,"Бар, паб",5,3.0
Казань,Кафе,5,4.0
Казань,Быстрое питание,4,5.0
Казань,Гостиница,4,6.0
Казань,Кофейня,4,7.0
Казань,Пекарня,4,8.0
Казань,Доставка еды и обедов,3,9.0
Калининград,Кафе,429,1.0
Калининград,Ресторан,395,2.0
Калининград,Гостиница,293,3.0
Калининград,Магазин продуктов,165,4.0
Калининград,Супермаркет,155,5.0
Калининград,Доставка еды и обедов,133,6.0
Калининград,Салон красоты,122,7.0
Калининград,"Бар, паб",121,8.0
Калининград,Быстрое питание,106,9.0
Калининградская обл.,Салон красоты,3,1.0
Калининградская обл.,АЗС,2,2.0
Калининградская обл.,Дополнительное образование,2,3.0
Калининградская обл.,Ногтевая студия,2,4.0
Калининградская обл.,Станция зарядки электромобилей,2,5.0
Калининградская обл.,Автоподбор,1,6.0
Калининградская обл.,Аренда площадок для культурно-массовых мероприятий,1,7.0
Калининградская обл.,ВУЗ,1,8.0
Калининградская обл.,Веломагазин,1,9.0
Калининградская область,Кафе,290,1.0
Калининградская область,Ресторан,259,2.0
Калининградская область,Гостиница,205,3.0
Калининградская область,Магазин продуктов,126,4.0
Калининградская область,Супермаркет,119,5.0
Калининградская область,"Бар, паб",96,6.0
Калининградская область,Салон красоты,77,7.0
Калининградская область,Быстрое питание,68,8.0
Калининградская область,Доставка еды и обедов,62,9.0
Калуга,Ресторан,245,1.0
Калуга,Гостиница,206,2.0
Калуга,Кафе,202,3.0
Калуга,Магазин продуктов,84,4.0
Калуга,Салон красоты,81,5.0
Калуга,Быстрое питание,73,6.0
Калуга,Супермаркет,72,7.0
Калуга,"Бар, паб",64,8.0
Калуга,Торговый центр,54,9.0
Калужская обл.,Быстрое питание,3,1.0
Калужская обл.,Пиццерия,3,2.0
Калужская обл.,Гостиница,2,3.0
Калужская обл.,Кафе,2,4.0
Калужская обл.,Кофейня,2,5.0
Калужская обл.,Магазин продуктов,2,6.0
Калужская обл.,Супермаркет,2,7.0
Калужская обл.,"АГНС, АГЗС, АГНКС",1,8.0
Калужская обл.,АЗС,1,9.0
Калужская область,Ресторан,217,1.0
Калужская область,Кафе,209,2.0
Калужская область,Гостиница,154,3.0
Калужская область,Супермаркет,90,4.0
Калужская область,Салон красоты,79,5.0
Калужская область,Магазин продуктов,78,6.0
Калужская область,"Бар, паб",76,7.0
Калужская область,Парк культуры и отдыха,66,8.0
Калужская область,Быстрое питание,64,9.0
Камчатский край,Кафе,67,1.0
Камчатский край,Ресторан,47,2.0
Камчатский край,Гостиница,40,3.0
Камчатский край,"Бар, паб",24,4.0
Камчатский край,Супермаркет,19,5.0
Камчатский край,Магазин продуктов,18,6.0
Камчатский край,Доставка еды и обедов,14,7.0
Камчатский край,Быстрое питание,12,8.0
Камчатский край,Салон красоты,11,9.0
Карачаево-Черкесская Республика,Кафе,111,1.0
Карачаево-Черкесская Республика,Ресторан,104,2.0
Карачаево-Черкесская Республика,Гостиница,92,3.0
Карачаево-Черкесская Республика,Магазин продуктов,57,4.0
Карачаево-Черкесская Республика,Быстрое питание,49,5.0
Карачаево-Черкесская Республика,Супермаркет,49,6.0
Карачаево-Черкесская Республика,Музей,43,7.0
Карачаево-Черкесская Республика,Салон красоты,36,8.0
Карачаево-Черкесская Республика,"Бар, паб",30,9.0
Карачаевск,Гостиница,6,1.0
Карачаевск,Кафе,2,2.0
Карачаевск,Магазин продуктов,2,3.0
Карачаевск,"Автосервис, автотехцентр",1,4.0
Карачаевск,Аренда строительной и спецтехники,1,5.0
Карачаевск,Аттракцион,1,6.0
Карачаевск,Банкетный зал,1,7.0
Карачаевск,"Бар, паб",1,8.0
Карачаевск,Быстрое питание,1,9.0
Карачаевский район,"Медцентр, клиника",4,1.0
Карачаевский район,Гинекологическая клиника,3,2.0
Карачаевский район,Мебель для кухни,3,3.0
Карачаевский район,Мебель на заказ,3,4.0
Карачаевский район,Медицинская лаборатория,3,5.0
Карачаевский район,Пиццерия,3,6.0
Карачаевский район,Ресторан,3,7.0
Карачаевский район,Урологический центр,3,8.0
Карачаевский район,Магазин мебели,2,9.0
Кемерово,Ресторан,119,1.0
Кемерово,Кафе,114,2.0
Кемерово,Гостиница,92,3.0
Кемерово,Салон красоты,45,4.0
Кемерово,Быстрое питание,39,5.0
Кемерово,"Бар, паб",38,6.0
Кемерово,Магазин продуктов,32,7.0
Кемерово,Супермаркет,32,8.0
Кемерово,Кофейня,28,9.0
Кемеровская область,Кафе,225,1.0
Кемеровская область,Ресторан,224,2.0
Кемеровская область,Гостиница,180,3.0
Кемеровская область,"Бар, паб",76,4.0
Кемеровская область,Быстрое питание,76,5.0
Кемеровская область,Магазин продуктов,71,6.0
Кемеровская область,Супермаркет,69,7.0
Кемеровская область,Салон красоты,65,8.0
Кемеровская область,Доставка еды и обедов,48,9.0
Кемеровский муниципальный округ,Гостиница,8,1.0
Кемеровский муниципальный округ,Банк,3,2.0
Кемеровский муниципальный округ,Кафе,3,3.0
Кемеровский муниципальный округ,Баня,2,4.0
Кемеровский муниципальный округ,Быстрое питание,2,5.0
Кемеровский муниципальный округ,Магазин автозапчастей и автотоваров,2,6.0
Кемеровский муниципальный округ,"Магазин мяса, колбас",2,7.0
Кемеровский муниципальный округ,Магазин хозтоваров и бытовой химии,2,8.0
Кемеровский муниципальный округ,Свадебный салон,2,9.0
Киров,Ресторан,159,1.0
Киров,Кафе,154,2.0
Киров,Гостиница,143,3.0
Киров,Салон красоты,73,4.0
Киров,Магазин продуктов,67,5.0
Киров,Супермаркет,62,6.0
Киров,"Бар, паб",55,7.0
Киров,Косметология,42,8.0
Киров,Быстрое питание,39,9.0
Кирово-Чепецк,Кафе,7,1.0
Кирово-Чепецк,Гостиница,5,2.0
Кирово-Чепецк,Ресторан,5,3.0
Кирово-Чепецк,Магазин парфюмерии и косметики,3,4.0
Кирово-Чепецк,Банк,2,5.0
Кирово-Чепецк,Двери,2,6.0
Кирово-Чепецк,Доставка еды и обедов,2,7.0
Кирово-Чепецк,"Камины, печи",2,8.0
Кирово-Чепецк,Магазин мебели,2,9.0
Кирово-Чепецкий район,Гостиница,3,1.0
Кирово-Чепецкий район,Парк культуры и отдыха,2,2.0
Кирово-Чепецкий район,Сквер,2,3.0
Кирово-Чепецкий район,Автосалон,1,4.0
Кирово-Чепецкий район,"Автосервис, автотехцентр",1,5.0
Кирово-Чепецкий район,Горнолыжный комплекс,1,6.0
Кирово-Чепецкий район,Диагностический центр,1,7.0
Кирово-Чепецкий район,"Медцентр, клиника",1,8.0
Кирово-Чепецкий район,Специализированная больница,1,9.0
Кировская область,Ресторан,27,1.0
Кировская область,Гостиница,19,2.0
Кировская область,Кафе,19,3.0
Кировская область,Супермаркет,14,4.0
Кировская область,Магазин продуктов,12,5.0
Кировская область,Пиццерия,11,6.0
Кировская область,Салон красоты,10,7.0
Кировская область,Доставка еды и обедов,9,8.0
Кировская область,Быстрое питание,8,9.0
Кострома,Кафе,167,1.0
Кострома,Ресторан,149,2.0
Кострома,Гостиница,104,3.0
Кострома,Магазин продуктов,69,4.0
Кострома,Супермаркет,69,5.0
Кострома,"Бар, паб",52,6.0
Кострома,Быстрое питание,48,7.0
Кострома,Доставка еды и обедов,45,8.0
Кострома,Салон красоты,36,9.0
Костромская область,Ресторан,52,1.0
Костромская область,Кафе,44,2.0
Костромская область,"Бар, паб",33,3.0
Костромская область,Гостиница,15,4.0
Костромская область,Спа-салон,11,5.0
Костромская область,Магазин продуктов,9,6.0
Костромская область,Быстрое питание,8,7.0
Костромская область,Косметология,8,8.0
Костромская область,Массажный салон,8,9.0
Костромской район,Кафе,12,1.0
Костромской район,Ресторан,10,2.0
Костромской район,"Бар, паб",9,3.0
Костромской район,Православный храм,7,4.0
Костромской район,Магазин продуктов,5,5.0
Костромской район,Пиццерия,5,6.0
Костромской район,Доставка еды и обедов,3,7.0
Костромской район,"Магазин мяса, колбас",3,8.0
Костромской район,Парикмахерская,3,9.0
Красноармейский район,Ресторан,12,1.0
Красноармейский район,Кафе,11,2.0
Красноармейский район,Гостиница,8,3.0
Красноармейский район,Банкетный зал,5,4.0
Красноармейский район,Пиццерия,4,5.0
Красноармейский район,Развлекательный центр,4,6.0
Красноармейский район,"Бар, паб",3,7.0
Красноармейский район,Гипермаркет,3,8.0
Красноармейский район,Доставка еды и обедов,3,9.0
Краснодар,Кафе,1054,1.0
Краснодар,Ресторан,1023,2.0
Краснодар,Гостиница,816,3.0
Краснодар,Магазин продуктов,391,4.0
Краснодар,"Бар, паб",350,5.0
Краснодар,Салон красоты,336,6.0
Краснодар,Супермаркет,322,7.0
Краснодар,Быстрое питание,309,8.0
Краснодар,Доставка еды и обедов,247,9.0
Краснодарский край,Кафе,3677,1.0
Краснодарский край,Ресторан,3344,2.0
Краснодарский край,Гостиница,2543,3.0
Краснодарский край,Магазин продуктов,1338,4.0
Краснодарский край,Супермаркет,1171,5.0
Краснодарский край,"Бар, паб",1143,6.0
Краснодарский край,Салон красоты,1072,7.0
Краснодарский край,Быстрое питание,1036,8.0
Краснодарский край,Доставка еды и обедов,830,9.0
Красноярск,Кафе,355,1.0
Красноярск,Ресторан,342,2.0
Красноярск,Гостиница,263,3.0
Красноярск,Магазин продуктов,143,4.0
Красноярск,Салон красоты,128,5.0
Красноярск,Супермаркет,124,6.0
Красноярск,"Бар, паб",119,7.0
Красноярск,Быстрое питание,99,8.0
Красноярск,Доставка еды и обедов,95,9.0
Красноярский край,Кафе,158,1.0
Красноярский край,Ресторан,157,2.0
Красноярский край,Гостиница,133,3.0
Красноярский край,"Бар, паб",64,4.0
Красноярский край,Быстрое питание,58,5.0
Красноярский край,Супермаркет,57,6.0
Красноярский край,Магазин продуктов,51,7.0
Красноярский край,Салон красоты,44,8.0
Красноярский край,Музей,34,9.0
Крым,Гостиница,2,1.0
Крым,Ресторан,2,2.0
Крым,Суши-бар,2,3.0
Крым,Автобусные перевозки,1,4.0
Крым,Баня,1,5.0
Крым,Быстрое питание,1,6.0
Крым,Заказ автомобилей,1,7.0
Крым,Кофе с собой,1,8.0
Крым,Монастырь,1,9.0
Курган,Кафе,39,1.0
Курган,Гостиница,34,2.0
Курган,Ресторан,33,3.0
Курган,"Бар, паб",18,4.0
Курган,Магазин продуктов,17,5.0
Курган,Быстрое питание,12,6.0
Курган,Салон красоты,12,7.0
Курган,Супермаркет,12,8.0
Курган,"Медцентр, клиника",8,9.0
Курганская область,Кафе,28,1.0
Курганская область,Ресторан,19,2.0
Курганская область,Гостиница,16,3.0
Курганская область,Магазин продуктов,10,4.0
Курганская область,Супермаркет,10,5.0
Курганская область,Быстрое питание,8,6.0
Курганская область,Доставка еды и обедов,7,7.0
Курганская область,Пиццерия,7,8.0
Курганская область,Салон красоты,7,9.0
Курск,Ресторан,159,1.0
Курск,Кафе,133,2.0
Курск,Гостиница,127,3.0
Курск,"Бар, паб",65,4.0
Курск,Магазин продуктов,61,5.0
Курск,Супермаркет,57,6.0
Курск,Салон красоты,56,7.0
Курск,Быстрое питание,44,8.0
Курск,"Автосервис, автотехцентр",43,9.0
Курская область,Кафе,40,1.0
Курская область,Ресторан,35,2.0
Курская область,Гостиница,27,3.0
Курская область,Быстрое питание,17,4.0
Курская область,Салон красоты,17,5.0
Курская область,"Бар, паб",14,6.0
Курская область,Ногтевая студия,13,7.0
Курская область,Магазин продуктов,10,8.0
Курская область,"Автосервис, автотехцентр",9,9.0
Курский район,Кафе,9,1.0
Курский район,Магазин продуктов,6,2.0
Курский район,Ресторан,5,3.0
Курский район,"Бар, паб",3,4.0
Курский район,Быстрое питание,3,5.0
Курский район,Гостиница,3,6.0
Курский район,Железнодорожная станция,3,7.0
Курский район,Магазин алкогольных напитков,3,8.0
Курский район,Банкетный зал,2,9.0
Ленинградская обл.,Ресторан,12,1.0
Ленинградская обл.,Кафе,11,2.0
Ленинградская обл.,Пиццерия,7,3.0
Ленинградская обл.,Доставка еды и обедов,6,4.0
Ленинградская обл.,Магазин продуктов,5,5.0
Ленинградская обл.,Парикмахерская,5,6.0
Ленинградская обл.,"Бар, паб",4,7.0
Ленинградская обл.,Быстрое питание,4,8.0
Ленинградская обл.,Гостиница,4,9.0
Ленинградская область,Кафе,926,1.0
Ленинградская область,Ресторан,924,2.0
Ленинградская область,Гостиница,755,3.0
Ленинградская область,Магазин продуктов,374,4.0
Ленинградская область,"Бар, паб",324,5.0
Ленинградская область,Салон красоты,324,6.0
Ленинградская область,Супермаркет,308,7.0
Ленинградская область,Быстрое питание,307,8.0
Ленинградская область,Доставка еды и обедов,257,9.0
Липецк,Кафе,199,1.0
Липецк,Ресторан,183,2.0
Липецк,Гостиница,154,3.0
Липецк,Магазин продуктов,76,4.0
Липецк,Супермаркет,65,5.0
Липецк,"Бар, паб",62,6.0
Липецк,Быстрое питание,62,7.0
Липецк,Пиццерия,45,8.0
Липецк,Салон красоты,45,9.0
Липецкая область,Гостиница,77,1.0
Липецкая область,Кафе,76,2.0
Липецкая область,Ресторан,61,3.0
Липецкая область,Магазин продуктов,39,4.0
Липецкая область,Быстрое питание,36,5.0
Липецкая область,Супермаркет,32,6.0
Липецкая область,Парк культуры и отдыха,24,7.0
Липецкая область,Кофейня,22,8.0
Липецкая область,"Бар, паб",21,9.0
Липецкий район,Ресторан,13,1.0
Липецкий район,Кафе,12,2.0
Липецкий район,Кофейня,6,3.0
Липецкий район,Салон красоты,5,4.0
Липецкий район,"Бар, паб",3,5.0
Липецкий район,Гостиница,3,6.0
Липецкий район,Пиццерия,3,7.0
Липецкий район,Аптека,2,8.0
Липецкий район,Магазин автозапчастей и автотоваров,2,9.0
Магадан,Гостиница,17,1.0
Магадан,Ресторан,16,2.0
Магадан,Кафе,15,3.0
Магадан,Быстрое питание,8,4.0
Магадан,Магазин продуктов,8,5.0
Магадан,Парк культуры и отдыха,7,6.0
Магадан,Супермаркет,6,7.0
Магадан,Доставка еды и обедов,4,8.0
Магадан,Кофейня,3,9.0
Магаданская область,Быстрое питание,1,1.0
Магаданская область,Доставка еды и обедов,1,2.0
Магаданская область,Кафе,1,3.0
Магаданская область,Клуб виртуальной реальности,1,4.0
Магаданская область,Клуб для детей и подростков,1,5.0
Магаданская область,Клуб досуга,1,6.0
Магаданская область,Кофе с собой,1,7.0
Магаданская область,Кофейня,1,8.0
Магаданская область,Пиццерия,1,9.0
Москва,Кафе,12095,1.0
Москва,Ресторан,11962,2.0
Москва,Гостиница,9165,3.0
Москва,Магазин продуктов,4370,4.0
Москва,Супермаркет,4087,5.0
Москва,"Бар, паб",4077,6.0
Москва,Салон красоты,3771,7.0
Москва,Быстрое питание,3397,8.0
Москва,Доставка еды и обедов,3040,9.0
Московская обл.,Кафе,58,1.0
Московская обл.,Ресторан,42,2.0
Московская обл.,Гостиница,31,3.0
Московская обл.,"Бар, паб",29,4.0
Московская обл.,Быстрое питание,19,5.0
Московская обл.,Магазин продуктов,16,6.0
Московская обл.,"Медцентр, клиника",12,7.0
Московская обл.,Музей,12,8.0
Московская обл.,Салон красоты,12,9.0
Московская область,Ресторан,5792,1.0
Московская область,Кафе,5747,2.0
Московская область,Гостиница,4269,3.0
Московская область,Магазин продуктов,2140,4.0
Московская область,Супермаркет,2013,5.0
Московская область,"Бар, паб",1944,6.0
Московская область,Салон красоты,1791,7.0
Московская область,Быстрое питание,1733,8.0
Московская область,Доставка еды и обедов,1440,9.0
Мурманск,Кафе,118,1.0
Мурманск,Ресторан,111,2.0
Мурманск,Гостиница,93,3.0
Мурманск,Магазин продуктов,49,4.0
Мурманск,"Бар, паб",47,5.0
Мурманск,Супермаркет,46,6.0
Мурманск,Салон красоты,40,7.0
Мурманск,Быстрое питание,37,8.0
Мурманск,"Автосервис, автотехцентр",28,9.0
Мурманская область,Гостиница,102,1.0
Мурманская область,Кафе,102,2.0
Мурманская область,Ресторан,77,3.0
Мурманская область,Пиццерия,35,4.0
Мурманская область,Доставка еды и обедов,34,5.0
Мурманская область,Магазин продуктов,31,6.0
Мурманская область,Супермаркет,29,7.0
Мурманская область,Быстрое питание,26,8.0
Мурманская область,"Автосервис, автотехцентр",25,9.0
Нахимовский муниципальный округ,Ресторан,8,1.0
Нахимовский муниципальный округ,"Бар, паб",5,2.0
Нахимовский муниципальный округ,Кафе,5,3.0
Нахимовский муниципальный округ,Банкетный зал,4,4.0
Нахимовский муниципальный округ,"Автосервис, автотехцентр",3,5.0
Нахимовский муниципальный округ,Гостиница,3,6.0
Нахимовский муниципальный округ,Столовая,3,7.0
Нахимовский муниципальный округ,Каток,2,8.0
Нахимовский муниципальный округ,Магазин алкогольных напитков,2,9.0
Ненецкий автономный округ,Ресторан,6,1.0
Ненецкий автономный округ,Кафе,5,2.0
Ненецкий автономный округ,Доставка еды и обедов,3,3.0
Ненецкий автономный округ,Салон красоты,3,4.0
Ненецкий автономный округ,Автосалон,2,5.0
Ненецкий автономный округ,"Бар, паб",2,6.0
Ненецкий автономный округ,Гостиница,2,7.0
Ненецкий автономный округ,Ногтевая студия,2,8.0
Ненецкий автономный округ,Пиццерия,2,9.0
Нижегородская обл.,Кафе,2,1.0
Нижегородская обл.,Магазин продуктов,2,2.0
Нижегородская обл.,Магазин сантехники,2,3.0
Нижегородская обл.,Садовый центр,2,4.0
Нижегородская обл.,Строительный магазин,2,5.0
Нижегородская обл.,Агентство недвижимости,1,6.0
Нижегородская обл.,"Бар, паб",1,7.0
Нижегородская обл.,"Водная база, лодочная станция",1,8.0
Нижегородская обл.,Магазин алкогольных напитков,1,9.0
Нижегородская область,Ресторан,344,1.0
Нижегородская область,Кафе,333,2.0
Нижегородская область,Гостиница,238,3.0
Нижегородская область,Магазин продуктов,124,4.0
Нижегородская область,Быстрое питание,117,5.0
Нижегородская область,Супермаркет,101,6.0
Нижегородская область,"Бар, паб",97,7.0
Нижегородская область,Доставка еды и обедов,86,8.0
Нижегородская область,Салон красоты,86,9.0
Нижний Новгород,Кафе,1002,1.0
Нижний Новгород,Ресторан,958,2.0
Нижний Новгород,Гостиница,737,3.0
Нижний Новгород,Магазин продуктов,344,4.0
Нижний Новгород,"Бар, паб",338,5.0
Нижний Новгород,Супермаркет,337,6.0
Нижний Новгород,Салон красоты,336,7.0
Нижний Новгород,Доставка еды и обедов,285,8.0
Нижний Новгород,Быстрое питание,284,9.0
Новгородская область,Ресторан,61,1.0
Новгородская область,Кафе,52,2.0
Новгородская область,Гостиница,42,3.0
Новгородская область,Быстрое питание,30,4.0
Новгородская область,Магазин продуктов,23,5.0
Новгородская область,Салон красоты,23,6.0
Новгородская область,Супермаркет,21,7.0
Новгородская область,"Бар, паб",18,8.0
Новгородская область,Музей,17,9.0
Новгородский район,Кафе,9,1.0
Новгородский район,Ресторан,9,2.0
Новгородский район,Гостиница,7,3.0
Новгородский район,Торговый центр,6,4.0
Новгородский район,Развлекательный центр,5,5.0
Новгородский район,Магазин продуктов,4,6.0
Новгородский район,Магазин подарков и сувениров,3,7.0
Новгородский район,Салон красоты,3,8.0
Новгородский район,Аптека,2,9.0
Новосибирск,Ресторан,611,1.0
Новосибирск,Кафе,591,2.0
Новосибирск,Гостиница,501,3.0
Новосибирск,"Бар, паб",205,4.0
Новосибирск,Магазин продуктов,194,5.0
Новосибирск,Супермаркет,168,6.0
Новосибирск,Быстрое питание,160,7.0
Новосибирск,Доставка еды и обедов,145,8.0
Новосибирск,Кофейня,133,9.0
Новосибирская обл.,Аптека,2,1.0
Новосибирская обл.,Гостиница,2,2.0
Новосибирская обл.,"База, дом отдыха",1,3.0
Новосибирская обл.,Кафе,1,4.0
Новосибирская обл.,Ногтевая студия,1,5.0
Новосибирская обл.,Ночной клуб,1,6.0
Новосибирская обл.,Пункт выдачи,1,7.0
Новосибирская обл.,Ресторан,1,8.0
Новосибирская обл.,Салон бровей и ресниц,1,9.0
Новосибирская область,Гостиница,113,1.0
Новосибирская область,Ресторан,113,2.0
Новосибирская область,Кафе,95,3.0
Новосибирская область,Магазин продуктов,47,4.0
Новосибирская область,Супермаркет,46,5.0
Новосибирская область,Салон красоты,41,6.0
Новосибирская область,Доставка еды и обедов,37,7.0
Новосибирская область,"Бар, паб",31,8.0
Новосибирская область,Быстрое питание,28,9.0
Новосибирский район,Кафе,28,1.0
Новосибирский район,Ресторан,22,2.0
Новосибирский район,Гостиница,16,3.0
Новосибирский район,Быстрое питание,8,4.0
Новосибирский район,Доставка еды и обедов,8,5.0
Новосибирский район,Салон красоты,8,6.0
Новосибирский район,"Бар, паб",7,7.0
Новосибирский район,Супермаркет,7,8.0
Новосибирский район,"Медцентр, клиника",6,9.0
Омск,Ресторан,287,1.0
Омск,Кафе,286,2.0
Омск,Гостиница,209,3.0
Омск,Магазин продуктов,113,4.0
Омск,Супермаркет,106,5.0
Омск,"Бар, паб",92,6.0
Омск,Доставка еды и обедов,73,7.0
Омск,Салон красоты,72,8.0
Омск,"Автосервис, автотехцентр",70,9.0
Омская область,Ресторан,23,1.0
Омская область,Кафе,21,2.0
Омская область,Гостиница,14,3.0
Омская область,Быстрое питание,11,4.0
Омская область,Парк культуры и отдыха,11,5.0
Омская область,Супермаркет,11,6.0
Омская область,Музыкальный клуб,8,7.0
Омская область,Магазин продуктов,7,8.0
Омская область,Салон красоты,7,9.0
Омский район,Кафе,13,1.0
Омский район,Ресторан,8,2.0
Омский район,Гостиница,7,3.0
Омский район,Доставка еды и обедов,7,4.0
Омский район,"Бар, паб",6,5.0
Омский район,Кальян-бар,5,6.0
Омский район,Магазин продуктов,4,7.0
Омский район,Спа-салон,4,8.0
Омский район,Театр,4,9.0
Орел,"База, дом отдыха",1,1.0
Орел,Гипермаркет,1,2.0
Орел,Гостиница,1,3.0
Орел,Доставка еды и обедов,1,4.0
Орел,Лесопарк,1,5.0
Орел,Парк культуры и отдыха,1,6.0
Орел,Пиццерия,1,7.0
Орел,Продуктовый гипермаркет,1,8.0
Орел,Сквер,1,9.0
Оренбург,Ресторан,220,1.0
Оренбург,Кафе,196,2.0
Оренбург,Гостиница,180,3.0
Оренбург,"Бар, паб",83,4.0
Оренбург,Магазин продуктов,77,5.0
Оренбург,Салон красоты,68,6.0
Оренбург,Супермаркет,63,7.0
Оренбург,Доставка еды и обедов,52,8.0
Оренбург,Быстрое питание,47,9.0
Оренбургская область,Кафе,110,1.0
Оренбургская область,Ресторан,89,2.0
Оренбургская область,Гостиница,61,3.0
Оренбургская область,"Бар, паб",35,4.0
Оренбургская область,Доставка еды и обедов,29,5.0
Оренбургская область,Магазин продуктов,29,6.0
Оренбургская область,Супермаркет,29,7.0
Оренбургская область,Салон красоты,27,8.0
Оренбургская область,Пиццерия,25,9.0
Оренбургский район,Парк культуры и отдыха,10,1.0
Оренбургский район,Кафе,7,2.0
Оренбургский район,Супермаркет,7,3.0
Оренбургский район,"Бар, паб",5,4.0
Оренбургский район,Магазин продуктов,5,5.0
Оренбургский район,Ресторан,5,6.0
Оренбургский район,Гостиница,4,7.0
Оренбургский район,Караоке-клуб,4,8.0
Оренбургский район,Быстрое питание,3,9.0
Орловская область,Кафе,29,1.0
Орловская область,Ресторан,21,2.0
Орловская область,Супермаркет,12,3.0
Орловская область,Гостиница,9,4.0
Орловская область,Магазин продуктов,8,5.0
Орловская область,"Бар, паб",6,6.0
Орловская область,Быстрое питание,6,7.0
Орловская область,Пиццерия,6,8.0
Орловская область,"Автосервис, автотехцентр",5,9.0
Орловский муниципальный округ,Кафе,7,1.0
Орловский муниципальный округ,Ресторан,7,2.0
Орловский муниципальный округ,Салон красоты,5,3.0
Орловский муниципальный округ,"Бар, паб",4,4.0
Орловский муниципальный округ,Гостиница,4,5.0
Орловский муниципальный округ,Доставка еды и обедов,3,6.0
Орловский муниципальный округ,Кофейня,3,7.0
Орловский муниципальный округ,"Медцентр, клиника",3,8.0
Орловский муниципальный округ,Ногтевая студия,3,9.0
Орёл,Кафе,130,1.0
Орёл,Ресторан,105,2.0
Орёл,Гостиница,80,3.0
Орёл,Супермаркет,51,4.0
Орёл,Салон красоты,47,5.0
Орёл,Магазин продуктов,44,6.0
Орёл,Быстрое питание,41,7.0
Орёл,Доставка еды и обедов,36,8.0
Орёл,Пиццерия,31,9.0
Пенза,Кафе,170,1.0
Пенза,Ресторан,150,2.0
Пенза,Гостиница,138,3.0
Пенза,Магазин продуктов,73,4.0
Пенза,Супермаркет,72,5.0
Пенза,"Бар, паб",56,6.0
Пенза,Быстрое питание,54,7.0
Пенза,"Автосервис, автотехцентр",44,8.0
Пенза,Салон красоты,43,9.0
Пензенская область,Кафе,44,1.0
Пензенская область,Ресторан,33,2.0
Пензенская область,Гостиница,31,3.0
Пензенская область,Быстрое питание,21,4.0
Пензенская область,Магазин продуктов,18,5.0
Пензенская область,Супермаркет,18,6.0
Пензенская область,Салон красоты,16,7.0
Пензенская область,Ногтевая студия,15,8.0
Пензенская область,Парикмахерская,15,9.0
Пензенский район,Ресторан,17,1.0
Пензенский район,Кафе,14,2.0
Пензенский район,"Бар, паб",9,3.0
Пензенский район,Гостиница,8,4.0
Пензенский район,Развлекательный центр,6,5.0
Пензенский район,Парикмахерская,5,6.0
Пензенский район,Супермаркет,5,7.0
Пензенский район,Торговый центр,5,8.0
Пензенский район,Доставка еды и обедов,4,9.0
Пермский край,Кафе,143,1.0
Пермский край,Ресторан,120,2.0
Пермский край,Гостиница,93,3.0
Пермский край,"Бар, паб",51,4.0
Пермский край,Магазин продуктов,42,5.0
Пермский край,Доставка еды и обедов,36,6.0
Пермский край,Салон красоты,36,7.0
Пермский край,Супермаркет,33,8.0
Пермский край,Быстрое питание,29,9.0
Пермский муниципальный округ,Кафе,26,1.0
Пермский муниципальный округ,Ресторан,24,2.0
Пермский муниципальный округ,Супермаркет,18,3.0
Пермский муниципальный округ,"Бар, паб",11,4.0
Пермский муниципальный округ,Гостиница,10,5.0
Пермский муниципальный округ,Салон красоты,10,6.0
Пермский муниципальный округ,Доставка еды и обедов,9,7.0
Пермский муниципальный округ,Быстрое питание,8,8.0
Пермский муниципальный округ,Магазин продуктов,8,9.0
Пермский район,Кафе,9,1.0
Пермский район,Ресторан,9,2.0
Пермский район,Гостиница,5,3.0
Пермский район,Салон красоты,5,4.0
Пермский район,Быстрое питание,4,5.0
Пермский район,"Автосервис, автотехцентр",3,6.0
Пермский район,"Бар, паб",3,7.0
Пермский район,Доставка еды и обедов,3,8.0
Пермский район,Достопримечательность,3,9.0
Пермь,Кафе,381,1.0
Пермь,Ресторан,374,2.0
Пермь,Гостиница,264,3.0
Пермь,Магазин продуктов,140,4.0
Пермь,"Бар, паб",130,5.0
Пермь,Быстрое питание,129,6.0
Пермь,Супермаркет,126,7.0
Пермь,Доставка еды и обедов,94,8.0
Пермь,Салон красоты,81,9.0
Приморский край,Кафе,401,1.0
Приморский край,Ресторан,394,2.0
Приморский край,Гостиница,242,3.0
Приморский край,Магазин продуктов,150,4.0
Приморский край,"Бар, паб",129,5.0
Приморский край,Быстрое питание,123,6.0
Приморский край,Супермаркет,119,7.0
Приморский край,Салон красоты,110,8.0
Приморский край,Доставка еды и обедов,79,9.0
Псков,Ресторан,120,1.0
Псков,Кафе,113,2.0
Псков,Гостиница,73,3.0
Псков,"Бар, паб",60,4.0
Псков,Магазин продуктов,57,5.0
Псков,Салон красоты,38,6.0
Псков,Супермаркет,38,7.0
Псков,Музей,35,8.0
Псков,"Автосервис, автотехцентр",34,9.0
Псковская область,Кафе,108,1.0
Псковская область,Ресторан,92,2.0
Псковская область,Гостиница,72,3.0
Псковская область,"Бар, паб",37,4.0
Псковская область,Супермаркет,30,5.0
Псковская область,Быстрое питание,29,6.0
Псковская область,Магазин продуктов,29,7.0
Псковская область,Салон красоты,24,8.0
Псковская область,Доставка еды и обедов,17,9.0
Псковский район,Кафе,19,1.0
Псковский район,Гостиница,14,2.0
Псковский район,Ресторан,9,3.0
Псковский район,Пиццерия,7,4.0
Псковский район,"Бар, паб",5,5.0
Псковский район,Доставка еды и обедов,4,6.0
Псковский район,Магазин парфюмерии и косметики,3,7.0
Псковский район,Ногтевая студия,3,8.0
Псковский район,Супермаркет,3,9.0
Республика Адыгея,Кафе,184,1.0
Республика Адыгея,Ресторан,157,2.0
Республика Адыгея,Гостиница,125,3.0
Республика Адыгея,Супермаркет,67,4.0
Республика Адыгея,Быстрое питание,64,5.0
Республика Адыгея,Магазин продуктов,64,6.0
Республика Адыгея,Салон красоты,62,7.0
Республика Адыгея,"Бар, паб",52,8.0
Республика Адыгея,Кофейня,48,9.0
Республика Алтай,Кафе,141,1.0
Республика Алтай,Ресторан,124,2.0
Республика Алтай,Гостиница,83,3.0
Республика Алтай,Быстрое питание,63,4.0
Республика Алтай,Магазин продуктов,49,5.0
Республика Алтай,Супермаркет,43,6.0
Республика Алтай,Салон красоты,41,7.0
Республика Алтай,"Бар, паб",38,8.0
Республика Алтай,Пиццерия,32,9.0
Республика Башкортостан,Кафе,725,1.0
Республика Башкортостан,Ресторан,648,2.0
Республика Башкортостан,Гостиница,535,3.0
Республика Башкортостан,Магазин продуктов,292,4.0
Республика Башкортостан,Супермаркет,235,5.0
Республика Башкортостан,Салон красоты,213,6.0
Республика Башкортостан,"Бар, паб",212,7.0
Республика Башкортостан,Быстрое питание,205,8.0
Республика Башкортостан,Доставка еды и обедов,152,9.0
Республика Бурятия,Гостиница,73,1.0
Республика Бурятия,Кафе,72,2.0
Республика Бурятия,Ресторан,54,3.0
Республика Бурятия,Салон красоты,37,4.0
Республика Бурятия,Супермаркет,27,5.0
Республика Бурятия,"Бар, паб",26,6.0
Республика Бурятия,Магазин продуктов,26,7.0
Республика Бурятия,Ногтевая студия,24,8.0
Республика Бурятия,Быстрое питание,19,9.0
Республика Дагестан,Кафе,392,1.0
Республика Дагестан,Ресторан,353,2.0
Республика Дагестан,Гостиница,252,3.0
Республика Дагестан,Супермаркет,143,4.0
Республика Дагестан,Магазин продуктов,142,5.0
Республика Дагестан,Быстрое питание,115,6.0
Республика Дагестан,"Бар, паб",111,7.0
Республика Дагестан,Салон красоты,110,8.0
Республика Дагестан,Доставка еды и обедов,91,9.0
Республика Ингушетия,Кафе,5,1.0
Республика Ингушетия,Ресторан,5,2.0
Республика Ингушетия,Массажный салон,4,3.0
Республика Ингушетия,Парикмахерская,4,4.0
Республика Ингушетия,Быстрое питание,3,5.0
Республика Ингушетия,Гостиница,3,6.0
Республика Ингушетия,Доставка еды и обедов,3,7.0
Республика Ингушетия,Кинотеатр,3,8.0
Республика Ингушетия,Антикафе,2,9.0
Республика Калмыкия,Кафе,46,1.0
Республика Калмыкия,Ресторан,43,2.0
Республика Калмыкия,Магазин продуктов,20,3.0
Республика Калмыкия,Гостиница,19,4.0
Республика Калмыкия,Достопримечательность,16,5.0
Республика Калмыкия,Быстрое питание,15,6.0
Республика Калмыкия,Супермаркет,15,7.0
Республика Калмыкия,Кальян-бар,14,8.0
Республика Калмыкия,Парк культуры и отдыха,13,9.0
Республика Карелия,Кафе,330,1.0
Республика Карелия,Ресторан,284,2.0
Республика Карелия,Гостиница,234,3.0
Республика Карелия,"Бар, паб",120,4.0
Республика Карелия,Супермаркет,116,5.0
Республика Карелия,Магазин продуктов,115,6.0
Республика Карелия,Салон красоты,102,7.0
Республика Карелия,Ногтевая студия,85,8.0
Республика Карелия,Быстрое питание,80,9.0
Республика Коми,Ресторан,87,1.0
Республика Коми,Кафе,76,2.0
Республика Коми,Гостиница,64,3.0
Республика Коми,Салон красоты,37,4.0
Республика Коми,Магазин продуктов,32,5.0
Республика Коми,Супермаркет,29,6.0
Республика Коми,Ногтевая студия,27,7.0
Республика Коми,"Бар, паб",22,8.0
Республика Коми,Быстрое питание,20,9.0
Республика Крым,Ресторан,1104,1.0
Республика Крым,Кафе,1055,2.0
Республика Крым,Гостиница,728,3.0
Республика Крым,Магазин продуктов,329,4.0
Республика Крым,Супермаркет,326,5.0
Республика Крым,"Бар, паб",325,6.0
Республика Крым,Салон красоты,311,7.0
Республика Крым,Быстрое питание,301,8.0
Республика Крым,Доставка еды и обедов,236,9.0
Республика Марий Эл,Кафе,127,1.0
Республика Марий Эл,Ресторан,107,2.0
Республика Марий Эл,Гостиница,83,3.0
Республика Марий Эл,"Бар, паб",48,4.0
Республика Марий Эл,Супермаркет,47,5.0
Республика Марий Эл,Магазин продуктов,36,6.0
Республика Марий Эл,Быстрое питание,35,7.0
Республика Марий Эл,Салон красоты,35,8.0
Республика Марий Эл,Музей,30,9.0
Республика Мордовия,Кафе,128,1.0
Республика Мордовия,Ресторан,111,2.0
Республика Мордовия,Гостиница,80,3.0
Республика Мордовия,Доставка еды и обедов,54,4.0
Республика Мордовия,Супермаркет,52,5.0
Республика Мордовия,Магазин продуктов,43,6.0
Республика Мордовия,"Бар, паб",41,7.0
Республика Мордовия,Быстрое питание,40,8.0
Республика Мордовия,Салон красоты,35,9.0
Республика Саха (Якутия),Кафе,43,1.0
Республика Саха (Якутия),Ресторан,33,2.0
Республика Саха (Якутия),Гостиница,22,3.0
Республика Саха (Якутия),"Бар, паб",13,4.0
Республика Саха (Якутия),Доставка еды и обедов,12,5.0
Республика Саха (Якутия),Супермаркет,12,6.0
Республика Саха (Якутия),Кофейня,11,7.0
Республика Саха (Якутия),Магазин продуктов,11,8.0
Республика Саха (Якутия),"Автосервис, автотехцентр",9,9.0
Республика Северная Осетия — Алания,Кафе,143,1.0
Республика Северная Осетия — Алания,Гостиница,113,2.0
Республика Северная Осетия — Алания,Ресторан,113,3.0
Республика Северная Осетия — Алания,Магазин продуктов,52,4.0
Республика Северная Осетия — Алания,Супермаркет,45,5.0
Республика Северная Осетия — Алания,Быстрое питание,39,6.0
Республика Северная Осетия — Алания,Салон красоты,36,7.0
Республика Северная Осетия — Алания,Доставка еды и обедов,34,8.0
Республика Северная Осетия — Алания,Ногтевая студия,29,9.0
Республика Татарстан,Кафе,1254,1.0
Республика Татарстан,Ресторан,1223,2.0
Республика Татарстан,Гостиница,1027,3.0
Республика Татарстан,Магазин продуктов,505,4.0
Республика Татарстан,Супермаркет,478,5.0
Республика Татарстан,Салон красоты,430,6.0
Республика Татарстан,"Бар, паб",375,7.0
Республика Татарстан,Быстрое питание,368,8.0
Республика Татарстан,Доставка еды и обедов,334,9.0
Республика Тыва,Ресторан,11,1.0
Республика Тыва,Пиццерия,6,2.0
Республика Тыва,Гостиница,5,3.0
Республика Тыва,Кафе,5,4.0
Республика Тыва,Торговый центр,5,5.0
Республика Тыва,Доставка еды и обедов,4,6.0
Республика Тыва,Косметология,3,7.0
Республика Тыва,Магазин обуви,3,8.0
Республика Тыва,Стоматологическая клиника,3,9.0
Республика Хакасия,Кафе,78,1.0
Республика Хакасия,Ресторан,63,2.0
Республика Хакасия,Гостиница,45,3.0
Республика Хакасия,Супермаркет,34,4.0
Республика Хакасия,Магазин продуктов,33,5.0
Республика Хакасия,"Бар, паб",25,6.0
Республика Хакасия,Доставка еды и обедов,22,7.0
Республика Хакасия,Быстрое питание,19,8.0
Республика Хакасия,Банкетный зал,17,9.0
Ростов-на-Дону,Кафе,904,1.0
Ростов-на-Дону,Ресторан,893,2.0
Ростов-на-Дону,Гостиница,703,3.0
Ростов-на-Дону,"Бар, паб",342,4.0
Ростов-на-Дону,Супермаркет,318,5.0
Ростов-на-Дону,Магазин продуктов,308,6.0
Ростов-на-Дону,Быстрое питание,306,7.0
Ростов-на-Дону,Салон красоты,295,8.0
Ростов-на-Дону,Доставка еды и обедов,237,9.0
Ростовская обл.,Банкетный зал,5,1.0
Ростовская обл.,Ресторан,4,2.0
Ростовская обл.,Выставочный центр,3,3.0
Ростовская обл.,Кафе,3,4.0
Ростовская обл.,Кофейня,3,5.0
Ростовская обл.,Организация мероприятий,3,6.0
Ростовская обл.,Быстрое питание,2,7.0
Ростовская обл.,Гостиница,2,8.0
Ростовская обл.,Супермаркет,2,9.0
Ростовская область,Кафе,652,1.0
Ростовская область,Ресторан,605,2.0
Ростовская область,Гостиница,404,3.0
Ростовская область,Магазин продуктов,253,4.0
Ростовская область,Салон красоты,222,5.0
Ростовская область,"Бар, паб",220,6.0
Ростовская область,Супермаркет,206,7.0
Ростовская область,Быстрое питание,198,8.0
Ростовская область,Доставка еды и обедов,163,9.0
Рязанская обл.,Кафе,2,1.0
Рязанская обл.,Автошкола,1,2.0
Рязанская обл.,Достопримечательность,1,3.0
Рязанская обл.,Жанровая скульптура,1,4.0
Рязанская обл.,Изделия из камня,1,5.0
Рязанская обл.,Кейтеринг,1,6.0
Рязанская обл.,Лазерные работы,1,7.0
Рязанская обл.,Металлообработка,1,8.0
Рязанская обл.,Монастырь,1,9.0
Рязанская область,Кафе,57,1.0
Рязанская область,Гостиница,53,2.0
Рязанская область,Ресторан,51,3.0
Рязанская область,"Бар, паб",21,4.0
Рязанская область,Магазин продуктов,20,5.0
Рязанская область,Парикмахерская,20,6.0
Рязанская область,Салон красоты,19,7.0
Рязанская область,Быстрое питание,16,8.0
Рязанская область,Ногтевая студия,16,9.0
Рязанский район,Кафе,37,1.0
Рязанский район,Ресторан,36,2.0
Рязанский район,Гостиница,35,3.0
Рязанский район,Супермаркет,19,4.0
Рязанский район,Ногтевая студия,15,5.0
Рязанский район,Пиццерия,15,6.0
Рязанский район,Товары для дома,15,7.0
Рязанский район,Доставка еды и обедов,14,8.0
Рязанский район,Салон красоты,14,9.0
Рязань,Кафе,283,1.0
Рязань,Ресторан,247,2.0
Рязань,Гостиница,207,3.0
Рязань,Супермаркет,104,4.0
Рязань,Магазин продуктов,101,5.0
Рязань,"Бар, паб",92,6.0
Рязань,"Автосервис, автотехцентр",68,7.0
Рязань,Салон красоты,67,8.0
Рязань,Быстрое питание,61,9.0
Самара,Ресторан,687,1.0
Самара,Кафе,674,2.0
Самара,Гостиница,482,3.0
Самара,Магазин продуктов,255,4.0
Самара,Супермаркет,238,5.0
Самара,Салон красоты,226,6.0
Самара,"Бар, паб",225,7.0
Самара,Доставка еды и обедов,192,8.0
Самара,Быстрое питание,182,9.0
Самарская обл.,Ногтевая студия,4,1.0
Самарская обл.,Аварийный комиссар,2,2.0
Самарская обл.,"Автоэкспертиза, оценка автомобилей",2,3.0
Самарская обл.,Ветеринарная клиника,1,4.0
Самарская обл.,Гостиница,1,5.0
Самарская обл.,Косметология,1,6.0
Самарская обл.,"Магазин мяса, колбас",1,7.0
Самарская обл.,Продукты глубокой заморозки,1,8.0
Самарская обл.,Пункт проката,1,9.0
Самарская область,Ресторан,368,1.0
Самарская область,Кафе,359,2.0
Самарская область,Гостиница,305,3.0
Самарская область,Салон красоты,132,4.0
Самарская область,"Бар, паб",120,5.0
Самарская область,Супермаркет,120,6.0
Самарская область,Магазин продуктов,115,7.0
Самарская область,Быстрое питание,95,8.0
Самарская область,Кофейня,91,9.0
Санкт-Петербург,Кафе,6258,1.0
Санкт-Петербург,Ресторан,5990,2.0
Санкт-Петербург,Гостиница,4247,3.0
Санкт-Петербург,Магазин продуктов,2224,4.0
Санкт-Петербург,Супермаркет,1982,5.0
Санкт-Петербург,"Бар, паб",1972,6.0
Санкт-Петербург,Салон красоты,1888,7.0
Санкт-Петербург,Быстрое питание,1690,8.0
Санкт-Петербург,Доставка еды и обедов,1485,9.0
Саратов,Кафе,389,1.0
Саратов,Ресторан,379,2.0
Саратов,Гостиница,267,3.0
Саратов,Магазин продуктов,134,4.0
Саратов,Супермаркет,128,5.0
Саратов,Быстрое питание,122,6.0
Саратов,"Бар, паб",112,7.0
Саратов,Салон красоты,112,8.0
Саратов,Доставка еды и обедов,103,9.0
Саратовская обл.,Ресторан,2,1.0
Саратовская обл.,Банкетный зал,1,2.0
Саратовская обл.,Быстрое питание,1,3.0
Саратовская обл.,Дополнительное образование,1,4.0
Саратовская обл.,Кафе,1,5.0
Саратовская обл.,Курсы и мастер-классы,1,6.0
Саратовская обл.,Магазин продуктов,1,7.0
Саратовская обл.,Массажный салон,1,8.0
Саратовская обл.,Спортивная одежда и обувь,1,9.0
Саратовская область,Кафе,209,1.0
Саратовская область,Ресторан,157,2.0
Саратовская область,Гостиница,139,3.0
Саратовская область,Магазин продуктов,75,4.0
Саратовская область,Быстрое питание,63,5.0
Саратовская область,"Бар, паб",62,6.0
Саратовская область,Супермаркет,55,7.0
Саратовская область,Салон красоты,53,8.0
Саратовская область,Доставка еды и обедов,48,9.0
Саратовский район,Коррекция зрения,3,1.0
Саратовский район,"Медцентр, клиника",3,2.0
Саратовский район,Ресторан,3,3.0
Саратовский район,"База, дом отдыха",2,4.0
Саратовский район,Выкуп автомобилей,2,5.0
Саратовский район,Выставочный центр,2,6.0
Саратовский район,Гостиница,2,7.0
Саратовский район,Музей,2,8.0
Саратовский район,Парк аттракционов,2,9.0
Сахалинская область,Кафе,70,1.0
Сахалинская область,Ресторан,51,2.0
Сахалинская область,Гостиница,45,3.0
Сахалинская область,Магазин продуктов,30,4.0
Сахалинская область,"Бар, паб",19,5.0
Сахалинская область,Быстрое питание,18,6.0
Сахалинская область,Супермаркет,16,7.0
Сахалинская область,Торговый центр,16,8.0
Сахалинская область,Кондитерская,13,9.0
Свердловская обл.,Магазин продуктов,3,1.0
Свердловская обл.,Кафе,2,2.0
Свердловская обл.,IP-телефония,1,3.0
Свердловская обл.,Автокондиционеры,1,4.0
Свердловская обл.,Автомобильные грузоперевозки,1,5.0
Свердловская обл.,"Автосервис, автотехцентр",1,6.0
Свердловская обл.,Гостиница,1,7.0
Свердловская обл.,Грузовые авиаперевозки,1,8.0
Свердловская обл.,Зуботехническая лаборатория,1,9.0
Свердловская область,Кафе,1354,1.0
Свердловская область,Ресторан,1348,2.0
Свердловская область,Гостиница,985,3.0
Свердловская область,Магазин продуктов,469,4.0
Свердловская область,"Бар, паб",463,5.0
Свердловская область,Супермаркет,446,6.0
Свердловская область,Салон красоты,408,7.0
Свердловская область,Быстрое питание,384,8.0
Свердловская область,Доставка еды и обедов,338,9.0
Севастополь,Кафе,370,1.0
Севастополь,Ресторан,332,2.0
Севастополь,Гостиница,253,3.0
Севастополь,Магазин продуктов,135,4.0
Севастополь,"Бар, паб",127,5.0
Севастополь,Супермаркет,119,6.0
Севастополь,Быстрое питание,114,7.0
Севастополь,Салон красоты,110,8.0
Севастополь,Доставка еды и обедов,83,9.0
Смоленск,Гостиница,185,1.0
Смоленск,Кафе,185,2.0
Смоленск,Ресторан,154,3.0
Смоленск,Магазин продуктов,79,4.0
Смоленск,Доставка еды и обедов,61,5.0
Смоленск,Супермаркет,61,6.0
Смоленск,Музей,51,7.0
Смоленск,Салон красоты,48,8.0
Смоленск,"Бар, паб",45,9.0
Смоленская область,Кафе,80,1.0
Смоленская область,Ресторан,77,2.0
Смоленская область,Гостиница,46,3.0
Смоленская область,Магазин продуктов,26,4.0
Смоленская область,"Бар, паб",25,5.0
Смоленская область,Супермаркет,25,6.0
Смоленская область,Кофейня,23,7.0
Смоленская область,Салон красоты,20,8.0
Смоленская область,Доставка еды и обедов,16,9.0
Смоленский район,Ресторан,21,1.0
Смоленский район,Кафе,18,2.0
Смоленский район,Гостиница,7,3.0
Смоленский район,Пекарня,4,4.0
Смоленский район,Быстрое питание,3,5.0
Смоленский район,Компьютерный ремонт и услуги,3,6.0
Смоленский район,Магазин одежды,3,7.0
Смоленский район,Ногтевая студия,3,8.0
Смоленский район,Пиццерия,3,9.0
Ставрополь,Кафе,198,1.0
Ставрополь,Ресторан,193,2.0
Ставрополь,Гостиница,165,3.0
Ставрополь,Магазин продуктов,77,4.0
Ставрополь,Супермаркет,72,5.0
Ставрополь,Быстрое питание,68,6.0
Ставрополь,Салон красоты,65,7.0
Ставрополь,"Бар, паб",59,8.0
Ставрополь,Доставка еды и обедов,47,9.0
Ставропольский край,Кафе,712,1.0
Ставропольский край,Ресторан,690,2.0
Ставропольский край,Гостиница,530,3.0
Ставропольский край,Магазин продуктов,260,4.0
Ставропольский край,Супермаркет,237,5.0
Ставропольский край,Быстрое питание,218,6.0
Ставропольский край,"Бар, паб",213,7.0
Ставропольский край,Салон красоты,212,8.0
Ставропольский край,Доставка еды и обедов,197,9.0
Тамбов,Кафе,137,1.0
Тамбов,Ресторан,103,2.0
Тамбов,Гостиница,91,3.0
Тамбов,Магазин продуктов,49,4.0
Тамбов,Супермаркет,44,5.0
Тамбов,Быстрое питание,39,6.0
Тамбов,Доставка еды и обедов,32,7.0
Тамбов,"Бар, паб",27,8.0
Тамбов,Салон красоты,27,9.0
Тамбовская область,Кафе,60,1.0
Тамбовская область,Ресторан,49,2.0
Тамбовская область,Гостиница,37,3.0
Тамбовская область,Магазин продуктов,27,4.0
Тамбовская область,Супермаркет,24,5.0
Тамбовская область,"Бар, паб",20,6.0
Тамбовская область,Быстрое питание,19,7.0
Тамбовская область,Доставка еды и обедов,15,8.0
Тамбовская область,Банкетный зал,12,9.0
Тамбовский район,Гостиница,8,1.0
Тамбовский район,Салон красоты,8,2.0
Тамбовский район,Агентство недвижимости,4,3.0
Тамбовский район,Кафе,4,4.0
Тамбовский район,"Медцентр, клиника",4,5.0
Тамбовский район,Ногтевая студия,4,6.0
Тамбовский район,Ресторан,4,7.0
Тамбовский район,Супермаркет,4,8.0
Тамбовский район,Косметология,3,9.0
Тверская область,Кафе,202,1.0
Тверская область,Ресторан,187,2.0
Тверская область,Гостиница,176,3.0
Тверская область,Супермаркет,94,4.0
Тверская область,Магазин продуктов,90,5.0
Тверская область,Быстрое питание,80,6.0
Тверская область,"Бар, паб",77,7.0
Тверская область,Салон красоты,73,8.0
Тверская область,Доставка еды и обедов,58,9.0
Тверь,Ресторан,283,1.0
Тверь,Кафе,259,2.0
Тверь,Гостиница,228,3.0
Тверь,Магазин продуктов,88,4.0
Тверь,"Бар, паб",87,5.0
Тверь,Салон красоты,86,6.0
Тверь,Супермаркет,85,7.0
Тверь,Быстрое питание,83,8.0
Тверь,Доставка еды и обедов,62,9.0
Теберда,Кафе,7,1.0
Теберда,Окна,5,2.0
Теберда,Остекление балконов и лоджий,5,3.0
Теберда,Гостиница,4,4.0
Теберда,Парк культуры и отдыха,4,5.0
Теберда,Двери,3,6.0
Теберда,Магазин обуви,3,7.0
Теберда,Ресторан,3,8.0
Теберда,Санаторий,3,9.0
Томск,Кафе,136,1.0
Томск,Ресторан,120,2.0
Томск,Гостиница,91,3.0
Томск,Супермаркет,57,4.0
Томск,Магазин продуктов,51,5.0
Томск,Салон красоты,49,6.0
Томск,Доставка еды и обедов,42,7.0
Томск,"Бар, паб",40,8.0
Томск,Быстрое питание,37,9.0
Томская область,Кафе,23,1.0
Томская область,Гостиница,15,2.0
Томская область,Магазин продуктов,11,3.0
Томская область,Ресторан,10,4.0
Томская область,"Бар, паб",8,5.0
Томская область,Супермаркет,8,6.0
Томская область,Суши-бар,8,7.0
Томская область,Кофейня,7,8.0
Томская область,Быстрое питание,6,9.0
Томский район,Ресторан,5,1.0
Томский район,Кафе,3,2.0
Томский район,Кофейня,3,3.0
Томский район,Гостиница,2,4.0
Томский район,Доставка еды и обедов,2,5.0
Томский район,Крепёжные изделия,2,6.0
Томский район,Ландшафтный дизайн,2,7.0
Томский район,Магазин мебели,2,8.0
Томский район,Магазин продуктов,2,9.0
Тула,Ресторан,377,1.0
Тула,Кафе,349,2.0
Тула,Гостиница,235,3.0
Тула,Магазин продуктов,144,4.0
Тула,Супермаркет,123,5.0
Тула,"Бар, паб",120,6.0
Тула,Доставка еды и обедов,115,7.0
Тула,Салон красоты,113,8.0
Тула,Быстрое питание,104,9.0
Тульская область,Кафе,223,1.0
Тульская область,Ресторан,197,2.0
Тульская область,Гостиница,123,3.0
Тульская область,Магазин продуктов,95,4.0
Тульская область,Салон красоты,82,5.0
Тульская область,Супермаркет,82,6.0
Тульская область,Быстрое питание,71,7.0
Тульская область,"Бар, паб",58,8.0
Тульская область,Доставка еды и обедов,58,9.0
Тюменская обл.,Салон красоты,2,1.0
Тюменская обл.,Барбершоп,1,2.0
Тюменская обл.,Быстрое питание,1,3.0
Тюменская обл.,Диспансер,1,4.0
Тюменская обл.,Мебель для кухни,1,5.0
Тюменская обл.,Парикмахерская,1,6.0
Тюменская обл.,Сауна,1,7.0
Тюменская обл.,"Спортивный, тренажёрный зал",1,8.0
Тюменская обл.,Фитнес-клуб,1,9.0
Тюменская область,Кафе,54,1.0
Тюменская область,Ресторан,49,2.0
Тюменская область,Гостиница,39,3.0
Тюменская область,Магазин продуктов,29,4.0
Тюменская область,Супермаркет,25,5.0
Тюменская область,Доставка еды и обедов,19,6.0
Тюменская область,"Бар, паб",18,7.0
Тюменская область,Банкетный зал,17,8.0
Тюменская область,Парк культуры и отдыха,16,9.0
Тюменский район,Кафе,21,1.0
Тюменский район,Железнодорожный вокзал,11,2.0
Тюменский район,Салон красоты,11,3.0
Тюменский район,Гостиница,9,4.0
Тюменский район,Ресторан,9,5.0
Тюменский район,Турбаза,7,6.0
Тюменский район,"Бар, паб",6,7.0
Тюменский район,Барбершоп,6,8.0
Тюменский район,Парикмахерская,6,9.0
Тюмень,Кафе,278,1.0
Тюмень,Ресторан,277,2.0
Тюмень,Гостиница,216,3.0
Тюмень,Салон красоты,105,4.0
Тюмень,Быстрое питание,102,5.0
Тюмень,"Бар, паб",99,6.0
Тюмень,Магазин продуктов,90,7.0
Тюмень,Супермаркет,85,8.0
Тюмень,"Автосервис, автотехцентр",74,9.0
Удмуртская Республика,Кафе,302,1.0
Удмуртская Республика,Ресторан,259,2.0
Удмуртская Республика,Гостиница,233,3.0
Удмуртская Республика,Супермаркет,114,4.0
Удмуртская Республика,Магазин продуктов,105,5.0
Удмуртская Республика,"Бар, паб",87,6.0
Удмуртская Республика,Салон красоты,76,7.0
Удмуртская Республика,Быстрое питание,67,8.0
Удмуртская Республика,"Автосервис, автотехцентр",65,9.0
Ульяновск,Кафе,220,1.0
Ульяновск,Ресторан,218,2.0
Ульяновск,Гостиница,156,3.0
Ульяновск,Магазин продуктов,94,4.0
Ульяновск,Супермаркет,78,5.0
Ульяновск,"Бар, паб",70,6.0
Ульяновск,Салон красоты,58,7.0
Ульяновск,Быстрое питание,57,8.0
Ульяновск,Ногтевая студия,47,9.0
Ульяновская область,Кафе,57,1.0
Ульяновская область,Ресторан,42,2.0
Ульяновская область,Гостиница,36,3.0
Ульяновская область,Салон красоты,23,4.0
Ульяновская область,Супермаркет,23,5.0
Ульяновская область,Магазин продуктов,17,6.0
Ульяновская область,Доставка еды и обедов,15,7.0
Ульяновская область,Ногтевая студия,15,8.0
Ульяновская область,Парикмахерская,12,9.0
Ульяновский район,Торговый центр,4,1.0
Ульяновский район,Кафе,3,2.0
Ульяновский район,Контактные линзы,3,3.0
Ульяновский район,Коррекция зрения,3,4.0
Ульяновский район,Оздоровительный центр,3,5.0
Ульяновский район,Салон оптики,3,6.0
Ульяновский район,Гостиница,2,7.0
Ульяновский район,Супермаркет,2,8.0
Ульяновский район,"База, дом отдыха",1,9.0
Уфа,Кафе,4,1.0
Уфа,Ресторан,4,2.0
Уфа,Банкетный зал,3,3.0
Уфа,Супермаркет,3,4.0
Уфа,Автомойка,2,5.0
Уфа,Гостиница,2,6.0
Уфа,Спортивная база,2,7.0
Уфа,Выкуп автомобилей,1,8.0
Уфа,Детейлинг,1,9.0
Хабаровск,Кафе,196,1.0
Хабаровск,Ресторан,146,2.0
Хабаровск,Гостиница,123,3.0
Хабаровск,Магазин продуктов,64,4.0
Хабаровск,Супермаркет,60,5.0
Хабаровск,"Бар, паб",54,6.0
Хабаровск,Салон красоты,53,7.0
Хабаровск,Быстрое питание,52,8.0
Хабаровск,Музей,47,9.0
Хабаровский край,Ресторан,47,1.0
Хабаровский край,Кафе,44,2.0
Хабаровский край,Гостиница,24,3.0
Хабаровский край,"Бар, паб",22,4.0
Хабаровский край,Супермаркет,21,5.0
Хабаровский край,Магазин продуктов,19,6.0
Хабаровский край,Салон красоты,16,7.0
Хабаровский край,Доставка еды и обедов,13,8.0
Хабаровский край,Ногтевая студия,13,9.0
Хабаровский район,Гостиница,5,1.0
Хабаровский район,Кафе,3,2.0
Хабаровский район,Салон красоты,3,3.0
Хабаровский район,Автомойка,2,4.0
Хабаровский район,Барбершоп,2,5.0
Хабаровский район,Жалюзи и рулонные шторы,2,6.0
Хабаровский район,Парикмахерская,2,7.0
Хабаровский район,Ресторан,2,8.0
Хабаровский район,"Шторы, карнизы",2,9.0
Ханты-Мансийск,Ресторан,28,1.0
Ханты-Мансийск,Кафе,21,2.0
Ханты-Мансийск,Гостиница,16,3.0
Ханты-Мансийск,Быстрое питание,14,4.0
Ханты-Мансийск,Торговый центр,9,5.0
Ханты-Мансийск,Салон красоты,8,6.0
Ханты-Мансийск,"Бар, паб",7,7.0
Ханты-Мансийск,"База, дом отдыха",6,8.0
Ханты-Мансийск,Косметология,6,9.0
Ханты-Мансийский АО,Пекарня,2,1.0
Ханты-Мансийский АО,АЗС,1,2.0
Ханты-Мансийский АО,"Бетон, бетонные изделия",1,3.0
Ханты-Мансийский АО,Быстрое питание,1,4.0
Ханты-Мансийский АО,Гостиница,1,5.0
Ханты-Мансийский АО,Кафе,1,6.0
Ханты-Мансийский АО,Косметология,1,7.0
Ханты-Мансийский АО,Лакокрасочные материалы,1,8.0
Ханты-Мансийский АО,Магазин алкогольных напитков,1,9.0
Ханты-Мансийский автономный округ,Кафе,178,1.0
Ханты-Мансийский автономный округ,Ресторан,162,2.0
Ханты-Мансийский автономный округ,Гостиница,141,3.0
Ханты-Мансийский автономный округ,Супермаркет,77,4.0
Ханты-Мансийский автономный округ,Магазин продуктов,71,5.0
Ханты-Мансийский автономный округ,Салон красоты,64,6.0
Ханты-Мансийский автономный округ,Быстрое питание,63,7.0
Ханты-Мансийский автономный округ,"Бар, паб",57,8.0
Ханты-Мансийский автономный округ,Ногтевая студия,45,9.0
Чебоксары,Автошкола,1,1.0
Чебоксары,Доставка цветов и букетов,1,2.0
Чебоксары,Кафе,1,3.0
Чебоксары,Косметология,1,4.0
Чебоксары,Котлы и котельное оборудование,1,5.0
Чебоксары,Курьерские услуги,1,6.0
Чебоксары,Магазин цветов,1,7.0
Чебоксары,Монтаж и обслуживание систем водоснабжения и канализации,1,8.0
Чебоксары,Мотошкола,1,9.0
Челябинск,Кафе,411,1.0
Челябинск,Ресторан,392,2.0
Челябинск,Гостиница,298,3.0
Челябинск,Супермаркет,144,4.0
Челябинск,"Бар, паб",141,5.0
Челябинск,Магазин продуктов,139,6.0
Челябинск,Быстрое питание,104,7.0
Челябинск,Салон красоты,101,8.0
Челябинск,Доставка еды и обедов,96,9.0
Челябинская обл.,Жилой комплекс,2,1.0
Челябинская обл.,Салон красоты,2,2.0
Челябинская обл.,Автомойка,1,3.0
Челябинская обл.,"Автосервис, автотехцентр",1,4.0
Челябинская обл.,Детейлинг,1,5.0
Челябинская обл.,Изготовление и монтаж зеркал,1,6.0
Челябинская обл.,Колледж,1,7.0
Челябинская обл.,Кондитерская,1,8.0
Челябинская обл.,Кондитерские изделия оптом,1,9.0
Челябинская область,Кафе,275,1.0
Челябинская область,Ресторан,274,2.0
Челябинская область,Гостиница,215,3.0
Челябинская область,Магазин продуктов,101,4.0
Челябинская область,Супермаркет,96,5.0
Челябинская область,"Бар, паб",76,6.0
Челябинская область,Быстрое питание,76,7.0
Челябинская область,Салон красоты,75,8.0
Челябинская область,Доставка еды и обедов,68,9.0
Чеченская Республика,Ресторан,46,1.0
Чеченская Республика,Кафе,38,2.0
Чеченская Республика,Гостиница,33,3.0
Чеченская Республика,Супермаркет,18,4.0
Чеченская Республика,Салон красоты,17,5.0
Чеченская Республика,Косметология,14,6.0
Чеченская Республика,Магазин продуктов,14,7.0
Чеченская Республика,Пиццерия,13,8.0
Чеченская Республика,Кофейня,12,9.0
Чувашская Республика,Кафе,282,1.0
Чувашская Республика,Ресторан,282,2.0
Чувашская Республика,Гостиница,196,3.0
Чувашская Республика,"Бар, паб",103,4.0
Чувашская Республика,Салон красоты,93,5.0
Чувашская Республика,Магазин продуктов,86,6.0
Чувашская Республика,Супермаркет,82,7.0
Чувашская Республика,Быстрое питание,75,8.0
Чувашская Республика,Пиццерия,71,9.0
Чукотский автономный округ,Кафе,3,1.0
Чукотский автономный округ,Быстрое питание,1,2.0
Чукотский автономный округ,Веломагазин,1,3.0
Чукотский автономный округ,Гостиница,1,4.0
Чукотский автономный округ,Детейлинг,1,5.0
Чукотский автономный округ,Кондитерская,1,6.0
Чукотский автономный округ,Кофейня,1,7.0
Чукотский автономный округ,Кузовной ремонт,1,8.0
Чукотский автономный округ,Магазин алкогольных напитков,1,9.0
Ямало-Ненецкий автономный округ,Ресторан,79,1.0
Ямало-Ненецкий автономный округ,Гостиница,63,2.0
Ямало-Ненецкий автономный округ,Кафе,59,3.0
Ямало-Ненецкий автономный округ,"Бар, паб",32,4.0
Ямало-Ненецкий автономный округ,Супермаркет,28,5.0
Ямало-Ненецкий автономный округ,Салон красоты,27,6.0
Ямало-Ненецкий автономный округ,Магазин продуктов,26,7.0
Ямало-Ненецкий автономный округ,Быстрое питание,19,8.0
Ямало-Ненецкий автономный округ,Ногтевая студия,19,9.0
Ярославль,Кафе,417,1.0
Ярославль,Ресторан,412,2.0
Ярославль,Гостиница,328,3.0
Ярославль,Магазин продуктов,164,4.0
Ярославль,"Бар, паб",145,5.0
Ярославль,Супермаркет,139,6.0
Ярославль,Быстрое питание,111,7.0
Ярославль,Салон красоты,106,8.0
Ярославль,Банкетный зал,94,9.0
Ярославская обл.,Автомойка,2,1.0
Ярославская обл.,Детейлинг,2,2.0
Ярославская обл.,Кафе,2,3.0
Ярославская обл.,Ресторан,2,4.0
Ярославская обл.,Тонирование автостёкол,2,5.0
Ярославская обл.,"Бар, паб",1,6.0
Ярославская обл.,Бизнес-школа,1,7.0
Ярославская обл.,Вещевой рынок,1,8.0
Ярославская обл.,Компьютерный магазин,1,9.0
Ярославская область,Ресторан,283,1.0
Ярославская область,Кафе,262,2.0
Ярославская область,Гостиница,184,3.0
Ярославская область,Доставка еды и обедов,94,4.0
Ярославская область,Магазин продуктов,89,5.0
Ярославская область,Супермаркет,84,6.0
Ярославская область,"Бар, паб",72,7.0
Ярославская область,Салон красоты,66,8.0
Ярославская область,Быстрое питание,64,9.0
Ярославский район,Кафе,33,1.0
Ярославский район,Ресторан,30,2.0
Ярославский район,Гостиница,15,3.0
Ярославский район,Магазин продуктов,10,4.0
Ярославский район,Кофейня,9,5.0
Ярославский район,Салон красоты,9,6.0
Ярославский район,Супермаркет,9,7.0
Ярославский район,Банкетный зал,8,8.0
Ярославский район,"Медцентр, клиника",8,9.0
г. Москва,Товары для здоровья,2,1.0
г. Москва,АЗС,1,2.0
г. Москва,Автомойка,1,3.0
г. Москва,Аптека,1,4.0
г. Москва,Банкетный зал,1,5.0
г. Москва,Кафе,1,6.0
г. Москва,Кофе с собой,1,7.0
г. Москва,Кофейня,1,8.0
г. Москва,Магазин медицинских товаров,1,9.0
городской округ Брянск,Кафе,6,1.0
городской округ Брянск,Гостиница,5,2.0
городской округ Брянск,Супермаркет,5,3.0
городской округ Брянск,Магазин продуктов,3,4.0
городской округ Брянск,Музей,3,5.0
городской округ Брянск,Железнодорожный вокзал,2,6.0
городской округ Брянск,Логопеды,2,7.0
городской округ Брянск,Магазин верхней одежды,2,8.0
городской округ Брянск,Магазин одежды,2,9.0
городской округ Владимир,Парикмахерская,4,1.0
городской округ Владимир,Салон красоты,4,2.0
городской округ Владимир,Гостиница,3,3.0
городской округ Владимир,Торговый центр,3,4.0
городской округ Владимир,Аэропорт,2,5.0
городской округ Владимир,"Бар, паб",2,6.0
городской округ Владимир,Кондиционеры,2,7.0
городской округ Владимир,Ногтевая студия,2,8.0
городской округ Владимир,Системы вентиляции,2,9.0
городской округ Волгоград,Кафе,9,1.0
городской округ Волгоград,Гостиница,5,2.0
городской округ Волгоград,Ногтевая студия,5,3.0
городской округ Волгоград,Ресторан,5,4.0
городской округ Волгоград,Салон красоты,5,5.0
городской округ Волгоград,Кофейня,4,6.0
городской округ Волгоград,Массажный салон,4,7.0
городской округ Волгоград,Супермаркет,4,8.0
городской округ Волгоград,Товары для дома,4,9.0
городской округ Воронеж,Ресторан,20,1.0
городской округ Воронеж,Кафе,18,2.0
городской округ Воронеж,Быстрое питание,10,3.0
городской округ Воронеж,Гостиница,5,4.0
городской округ Воронеж,Аптека,4,5.0
городской округ Воронеж,Доставка еды и обедов,4,6.0
городской округ Воронеж,Караоке-клуб,4,7.0
городской округ Воронеж,Банкетный зал,3,8.0
городской округ Воронеж,Дополнительное образование,3,9.0
городской округ Иваново,Ресторан,7,1.0
городской округ Иваново,"Бар, паб",5,2.0
городской округ Иваново,Гостиница,5,3.0
городской округ Иваново,Супермаркет,4,4.0
городской округ Иваново,Магазин продуктов,3,5.0
городской округ Иваново,"Медцентр, клиника",2,6.0
городской округ Иваново,Аптека,1,7.0
городской округ Иваново,Быстрое питание,1,8.0
городской округ Иваново,Вейп-шоп,1,9.0
городской округ Калуга,Кафе,6,1.0
городской округ Калуга,Супермаркет,4,2.0
городской округ Калуга,Гостиница,3,3.0
городской округ Калуга,Пункт выдачи,3,4.0
городской округ Калуга,Ресторан,3,5.0
городской округ Калуга,Быстрое питание,2,6.0
городской округ Калуга,Магазин продуктов,2,7.0
городской округ Калуга,Аптека,1,8.0
городской округ Калуга,Банк,1,9.0
городской округ Краснодар,Доставка еды и обедов,7,1.0
городской округ Краснодар,Ресторан,7,2.0
городской округ Краснодар,Шиномонтаж,4,3.0
городской округ Краснодар,"Автосервис, автотехцентр",2,4.0
городской округ Краснодар,Гостиница,2,5.0
городской округ Краснодар,Двери,2,6.0
городской округ Краснодар,Магазин автозапчастей и автотоваров,2,7.0
городской округ Краснодар,Напольные покрытия,2,8.0
городской округ Краснодар,Автомобильная парковка,1,9.0
городской округ Красноярск,Гостиница,3,1.0
городской округ Красноярск,Выставочный центр,2,2.0
городской округ Красноярск,Музей,2,3.0
городской округ Красноярск,Реставрационная мастерская,2,4.0
городской округ Красноярск,Ювелирная мастерская,2,5.0
городской округ Красноярск,Авторынок,1,6.0
городской округ Красноярск,Быстрое питание,1,7.0
городской округ Красноярск,Городское благоустройство,1,8.0
городской округ Красноярск,Жанровая скульптура,1,9.0
городской округ Курск,Гостиница,3,1.0
городской округ Курск,Кафе,3,2.0
городской округ Курск,Банк,2,3.0
городской округ Курск,Больница для взрослых,2,4.0
городской округ Курск,"Медцентр, клиника",2,5.0
городской округ Курск,Специализированная больница,2,6.0
городской округ Курск,"Бар, паб",1,7.0
городской округ Курск,Вейп-шоп,1,8.0
городской округ Курск,Детские игрушки и игры,1,9.0
городской округ Нижний Новгород,Кафе,13,1.0
городской округ Нижний Новгород,Ресторан,11,2.0
городской округ Нижний Новгород,Доставка еды и обедов,8,3.0
городской округ Нижний Новгород,Жилой комплекс,7,4.0
городской округ Нижний Новгород,Быстрое питание,5,5.0
городской округ Нижний Новгород,Магазин продуктов,5,6.0
городской округ Нижний Новгород,Аптека,4,7.0
городской округ Нижний Новгород,Ногтевая студия,4,8.0
городской округ Нижний Новгород,Супермаркет,4,9.0
городской округ Новосибирск,Кафе,4,1.0
городской округ Новосибирск,Ресторан,3,2.0
городской округ Новосибирск,Супермаркет,2,3.0
городской округ Новосибирск,Автосвет,1,4.0
городской округ Новосибирск,"Автосервис, автотехцентр",1,5.0
городской округ Новосибирск,Аптека,1,6.0
городской округ Новосибирск,Банкетный зал,1,7.0
городской округ Новосибирск,"Бар, паб",1,8.0
городской округ Новосибирск,Быстрое питание,1,9.0
городской округ Рязань,Кафе,5,1.0
городской округ Рязань,Столовая,4,2.0
городской округ Рязань,Ресторан,3,3.0
городской округ Рязань,Гостиница,2,4.0
городской округ Рязань,Кондитерская,2,5.0
городской округ Рязань,Кофейня,2,6.0
городской округ Рязань,Парикмахерская,2,7.0
городской округ Рязань,Туроператор,2,8.0
городской округ Рязань,"Автосервис, автотехцентр",1,9.0
городской округ Самара,Авиакомпания,12,1.0
городской округ Самара,Кафе,12,2.0
городской округ Самара,Музей,10,3.0
городской округ Самара,Гостиница,7,4.0
городской округ Самара,Строительный магазин,6,5.0
городской округ Самара,Больница для взрослых,5,6.0
городской округ Самара,Строительный гипермаркет,5,7.0
городской округ Самара,Товары для дома,5,8.0
городской округ Самара,Торговый центр,5,9.0
городской округ Тамбов,Ресторан,4,1.0
городской округ Тамбов,Банкетный зал,1,2.0
городской округ Тамбов,"Бар, паб",1,3.0
городской округ Тамбов,Быстрое питание,1,4.0
городской округ Тамбов,Вейп-шоп,1,5.0
городской округ Тамбов,Гостиница,1,6.0
городской округ Тамбов,Кейтеринг,1,7.0
городской округ Тамбов,Концертный зал,1,8.0
городской округ Тамбов,Магазин пива,1,9.0
городской округ Томск,Автоаксессуары,2,1.0
городской округ Томск,Агентство недвижимости,1,2.0
городской округ Томск,Аквариумы,1,3.0
городской округ Томск,Детская площадка,1,4.0
городской округ Томск,Зоомагазин,1,5.0
городской округ Томск,Кофейня,1,6.0
городской округ Томск,Магазин автозапчастей и автотоваров,1,7.0
городской округ Томск,Магазин продуктов,1,8.0
городской округ Томск,Организация и проведение детских праздников,1,9.0
городской округ Ульяновск,Кафе,4,1.0
городской округ Ульяновск,"Автовокзал, автостанция",3,2.0
городской округ Ульяновск,"Бар, паб",3,3.0
городской округ Ульяновск,Гостиница,2,4.0
городской округ Ульяновск,Достопримечательность,2,5.0
городской округ Ульяновск,Магазин продуктов,2,6.0
городской округ Ульяновск,Окна,2,7.0
городской округ Ульяновск,Остекление балконов и лоджий,2,8.0
городской округ Ульяновск,Ресторан,2,9.0
курортный посёлок Домбай,Гостиница,22,1.0
курортный посёлок Домбай,Кафе,22,2.0
курортный посёлок Домбай,Магазин продуктов,17,3.0
курортный посёлок Домбай,Ресторан,13,4.0
курортный посёлок Домбай,Супермаркет,13,5.0
курортный посёлок Домбай,Торговый центр,10,6.0
курортный посёлок Домбай,"Медцентр, клиника",8,7.0
курортный посёлок Домбай,Салон красоты,8,8.0
курортный посёлок Домбай,"Автосервис, автотехцентр",7,9.0
муниципальное образование Киров,Доставка еды и обедов,4,1.0
муниципальное образование Киров,Кафе,4,2.0
муниципальное образование Киров,"Бар, паб",2,3.0
муниципальное образование Киров,Пиццерия,2,4.0
муниципальное образование Киров,Аптека,1,5.0
муниципальное образование Киров,Двери,1,6.0
муниципальное образование Киров,"Детский сад, ясли",1,7.0
муниципальное образование Киров,Косметология,1,8.0
муниципальное образование Киров,Окна,1,9.0
муниципальное образование Краснодар,Кафе,48,1.0
муниципальное образование Краснодар,Ресторан,38,2.0
муниципальное образование Краснодар,Гостиница,23,3.0
муниципальное образование Краснодар,Супермаркет,17,4.0
муниципальное образование Краснодар,"Бар, паб",16,5.0
муниципальное образование Краснодар,Салон красоты,16,6.0
муниципальное образование Краснодар,Магазин продуктов,15,7.0
муниципальное образование Краснодар,Ногтевая студия,15,8.0
муниципальное образование Краснодар,Косметология,11,9.0
муниципальное образование Саратов,Гостиница,6,1.0
муниципальное образование Саратов,"Бар, паб",3,2.0
муниципальное образование Саратов,Ресторан,3,3.0
муниципальное образование Саратов,Быстрое питание,1,4.0
муниципальное образование Саратов,Колледж,1,5.0
муниципальное образование Саратов,Магазин обоев,1,6.0
муниципальное образование Саратов,Магазин одежды,1,7.0
муниципальное образование Саратов,Магазин парфюмерии и косметики,1,8.0
муниципальное образование Саратов,Магазин подарков и сувениров,1,9.0
муниципальное образование город Саратов,Музей,22,1.0
муниципальное образование город Саратов,Достопримечательность,20,2.0
муниципальное образование город Саратов,Супермаркет,5,3.0
муниципальное образование город Саратов,Автобусные билеты,4,4.0
муниципальное образование город Саратов,Автобусный парк,4,5.0
муниципальное образование город Саратов,Быстрое питание,4,6.0
муниципальное образование город Саратов,Железнодорожный вокзал,4,7.0
муниципальное образование город Саратов,Кафе,4,8.0
муниципальное образование город Саратов,Кемпинг,4,9.0
посёлок городского типа Сириус,Кафе,192,1.0
посёлок городского типа Сириус,Ресторан,178,2.0
посёлок городского типа Сириус,Гостиница,160,3.0
посёлок городского типа Сириус,Развлекательный центр,98,4.0
посёлок городского типа Сириус,"Бар, паб",81,5.0
посёлок городского типа Сириус,Парк культуры и отдыха,79,6.0
посёлок городского типа Сириус,Магазин продуктов,77,7.0
посёлок городского типа Сириус,Салон красоты,75,8.0
посёлок городского типа Сириус,Супермаркет,62,9.0
село Алтайское,"Бар, паб",2,1.0
село Алтайское,Студия йоги,2,2.0
село Алтайское,Центр развития ребёнка,2,3.0
село Алтайское,Школа для будущих мам,2,4.0
село Алтайское,Детская больница,1,5.0
село Алтайское,Детские игрушки и игры,1,6.0
село Алтайское,Доставка цветов и букетов,1,7.0
село Алтайское,Достопримечательность,1,8.0
село Алтайское,Кафе,1,9.0
